Name,Library Name,Alias,Forward Primer,Forward Primer Sequence,Reverse Primer,Reverse Primer Sequence,Barcode,Library Barcode,Run Type,Array Technology Quote,MPS Quote,Bioinformatics Quote,Validation Quote,Library Source,Library Type,Type of Sequencing,Run Concentration (pM),Concentration Method,Multiplex Key(s),Adaptor,Adaptor Read 1 (NOTE: Usage is bound by Illumina Disclaimer found on Nanuq Project Page),Adaptor Read 2 (NOTE: Usage is bound by Illumina Disclaimer found on Nanuq Project Page),Adaptor Junction (NOTE: Usage is bound by Illumina Disclaimer found on Nanuq Project Page),Run,Quality Offset,Region,Total Region,Genomic Database,BED Files,Run Start Date,Read Set Id,Status,Validation Date,Number of Reads,Number of Bases,Number of Cycles,Average Quality ,% Duplicate,Filename Prefix,Project,ProcessingSheetId,Sample Group,Result File Type,FASTQ Copy Folder
Ars.F.13,Ars.F.13,Ars.F.13,341FP1-CS1;341FP2-CS1;341FP3-CS1;341FP4-CS1,ACACTGACGACATGGTTCTACACCTACGGGNGGCWGCAG;ACACTGACGACATGGTTCTACATCCTACGGGNGGCWGCAG;ACACTGACGACATGGTTCTACAACCCTACGGGNGGCWGCAG;ACACTGACGACATGGTTCTACACTACCTACGGGNGGCWGCAG,805RP1-CS2;805RP2-CS2;805RP3-CS2;805RP4-CS2,TACGGTAGCAGAGACTTGGTCTGACTACHVGGGTATCTAATCC;TACGGTAGCAGAGACTTGGTCTTGACTACHVGGGTATCTAATCC;TACGGTAGCAGAGACTTGGTCTACGACTACHVGGGTATCTAATCC;TACGGTAGCAGAGACTTGGTCTCTAGACTACHVGGGTATCTAATCC,VAL12407429-LIB-D06,VAL12405923-BAR-C02,PAIRED_END,,,,SCI022217,gDNA,Metagenomics,Illumina MiSeq PE250,9.5,qPCR,FLD0203,Fluidigm,ACACTGACGACATGGTTCTACA,TACGGTAGCAGAGACTTGGTCT,,M03555_0380,33,1,1,,,2018-12-03,MI.M03555_0380.001.FLD0203.Ars-F-13,Data is valid,2018-12-05,111866,55933000,510,35,91.502,MI.M03555_0380.001.FLD0203.Ars-F-13,Field and Masterplate Microbiome 16s,ArsF13_VAL12405923-BAR_C02,,FASTQ,
Cdv.F.26,Cdv.F.26,Cdv.F.26,341FP1-CS1;341FP2-CS1;341FP3-CS1;341FP4-CS1,ACACTGACGACATGGTTCTACACCTACGGGNGGCWGCAG;ACACTGACGACATGGTTCTACATCCTACGGGNGGCWGCAG;ACACTGACGACATGGTTCTACAACCCTACGGGNGGCWGCAG;ACACTGACGACATGGTTCTACACTACCTACGGGNGGCWGCAG,805RP1-CS2;805RP2-CS2;805RP3-CS2;805RP4-CS2,TACGGTAGCAGAGACTTGGTCTGACTACHVGGGTATCTAATCC;TACGGTAGCAGAGACTTGGTCTTGACTACHVGGGTATCTAATCC;TACGGTAGCAGAGACTTGGTCTACGACTACHVGGGTATCTAATCC;TACGGTAGCAGAGACTTGGTCTCTAGACTACHVGGGTATCTAATCC,VAL12407429-LIB-D06,VAL12405923-BAR-C03,PAIRED_END,,,,SCI022217,gDNA,Metagenomics,Illumina MiSeq PE250,9.5,qPCR,FLD0211,Fluidigm,ACACTGACGACATGGTTCTACA,TACGGTAGCAGAGACTTGGTCT,,M03555_0380,33,1,1,,,2018-12-03,MI.M03555_0380.001.FLD0211.Cdv-F-26,Data is valid,2018-12-05,26029,13014500,510,35,92.04,MI.M03555_0380.001.FLD0211.Cdv-F-26,Field and Masterplate Microbiome 16s,CdvF26_VAL12405923-BAR_C03,,FASTQ,
Cam.F.22,Cam.F.22,Cam.F.22,341FP1-CS1;341FP2-CS1;341FP3-CS1;341FP4-CS1,ACACTGACGACATGGTTCTACACCTACGGGNGGCWGCAG;ACACTGACGACATGGTTCTACATCCTACGGGNGGCWGCAG;ACACTGACGACATGGTTCTACAACCCTACGGGNGGCWGCAG;ACACTGACGACATGGTTCTACACTACCTACGGGNGGCWGCAG,805RP1-CS2;805RP2-CS2;805RP3-CS2;805RP4-CS2,TACGGTAGCAGAGACTTGGTCTGACTACHVGGGTATCTAATCC;TACGGTAGCAGAGACTTGGTCTTGACTACHVGGGTATCTAATCC;TACGGTAGCAGAGACTTGGTCTACGACTACHVGGGTATCTAATCC;TACGGTAGCAGAGACTTGGTCTCTAGACTACHVGGGTATCTAATCC,VAL12407429-LIB-D06,VAL12405923-BAR-A03,PAIRED_END,,,,SCI022217,gDNA,Metagenomics,Illumina MiSeq PE250,9.5,qPCR,FLD0209,Fluidigm,ACACTGACGACATGGTTCTACA,TACGGTAGCAGAGACTTGGTCT,,M03555_0380,33,1,1,,,2018-12-03,MI.M03555_0380.001.FLD0209.Cam-F-22,Data is valid,2018-12-05,129597,64798500,510,35,92.673,MI.M03555_0380.001.FLD0209.Cam-F-22,Field and Masterplate Microbiome 16s,CamF22_VAL12405923-BAR_A03,,FASTQ,
BrBr.F.20,BrBr.F.20,BrBr.F.20,341FP1-CS1;341FP2-CS1;341FP3-CS1;341FP4-CS1,ACACTGACGACATGGTTCTACACCTACGGGNGGCWGCAG;ACACTGACGACATGGTTCTACATCCTACGGGNGGCWGCAG;ACACTGACGACATGGTTCTACAACCCTACGGGNGGCWGCAG;ACACTGACGACATGGTTCTACACTACCTACGGGNGGCWGCAG,805RP1-CS2;805RP2-CS2;805RP3-CS2;805RP4-CS2,TACGGTAGCAGAGACTTGGTCTGACTACHVGGGTATCTAATCC;TACGGTAGCAGAGACTTGGTCTTGACTACHVGGGTATCTAATCC;TACGGTAGCAGAGACTTGGTCTACGACTACHVGGGTATCTAATCC;TACGGTAGCAGAGACTTGGTCTCTAGACTACHVGGGTATCTAATCC,VAL12407429-LIB-D06,VAL12405923-BAR-G02,PAIRED_END,,,,SCI022217,gDNA,Metagenomics,Illumina MiSeq PE250,9.5,qPCR,FLD0207,Fluidigm,ACACTGACGACATGGTTCTACA,TACGGTAGCAGAGACTTGGTCT,,M03555_0380,33,1,1,,,2018-12-03,MI.M03555_0380.001.FLD0207.BrBr-F-20,Data is valid,2018-12-05,63909,31954500,510,35,93.466,MI.M03555_0380.001.FLD0207.BrBr-F-20,Field and Masterplate Microbiome 16s,BrBrF20_VAL12405923-BAR_G02,,FASTQ,
KSR.F.43,KSR.F.43,KSR.F.43,341FP1-CS1;341FP2-CS1;341FP3-CS1;341FP4-CS1,ACACTGACGACATGGTTCTACACCTACGGGNGGCWGCAG;ACACTGACGACATGGTTCTACATCCTACGGGNGGCWGCAG;ACACTGACGACATGGTTCTACAACCCTACGGGNGGCWGCAG;ACACTGACGACATGGTTCTACACTACCTACGGGNGGCWGCAG,805RP1-CS2;805RP2-CS2;805RP3-CS2;805RP4-CS2,TACGGTAGCAGAGACTTGGTCTGACTACHVGGGTATCTAATCC;TACGGTAGCAGAGACTTGGTCTTGACTACHVGGGTATCTAATCC;TACGGTAGCAGAGACTTGGTCTACGACTACHVGGGTATCTAATCC;TACGGTAGCAGAGACTTGGTCTCTAGACTACHVGGGTATCTAATCC,VAL12407429-LIB-D06,VAL12405923-BAR-C05,PAIRED_END,,,,SCI022217,gDNA,Metagenomics,Illumina MiSeq PE250,9.5,qPCR,FLD0227,Fluidigm,ACACTGACGACATGGTTCTACA,TACGGTAGCAGAGACTTGGTCT,,M03555_0380,33,1,1,,,2018-12-03,MI.M03555_0380.001.FLD0227.KSR-F-43,Data is valid,2018-12-05,119337,59668500,510,35,94.082,MI.M03555_0380.001.FLD0227.KSR-F-43,Field and Masterplate Microbiome 16s,KSRF43_VAL12405923-BAR_C05,,FASTQ,
HumBPE.F.40,HumBPE.F.40,HumBPE.F.40,341FP1-CS1;341FP2-CS1;341FP3-CS1;341FP4-CS1,ACACTGACGACATGGTTCTACACCTACGGGNGGCWGCAG;ACACTGACGACATGGTTCTACATCCTACGGGNGGCWGCAG;ACACTGACGACATGGTTCTACAACCCTACGGGNGGCWGCAG;ACACTGACGACATGGTTCTACACTACCTACGGGNGGCWGCAG,805RP1-CS2;805RP2-CS2;805RP3-CS2;805RP4-CS2,TACGGTAGCAGAGACTTGGTCTGACTACHVGGGTATCTAATCC;TACGGTAGCAGAGACTTGGTCTTGACTACHVGGGTATCTAATCC;TACGGTAGCAGAGACTTGGTCTACGACTACHVGGGTATCTAATCC;TACGGTAGCAGAGACTTGGTCTCTAGACTACHVGGGTATCTAATCC,VAL12407429-LIB-D06,VAL12405923-BAR-H04,PAIRED_END,,,,SCI022217,gDNA,Metagenomics,Illumina MiSeq PE250,9.5,qPCR,FLD0224,Fluidigm,ACACTGACGACATGGTTCTACA,TACGGTAGCAGAGACTTGGTCT,,M03555_0380,33,1,1,,,2018-12-03,MI.M03555_0380.001.FLD0224.HumBPE-F-40,Data is valid,2018-12-05,113921,56960500,510,35,94.231,MI.M03555_0380.001.FLD0224.HumBPE-F-40,Field and Masterplate Microbiome 16s,HumBPEF40_VAL12405923-BAR_H04,,FASTQ,
MocT.F.57,MocT.F.57,MocT.F.57,341FP1-CS1;341FP2-CS1;341FP3-CS1;341FP4-CS1,ACACTGACGACATGGTTCTACACCTACGGGNGGCWGCAG;ACACTGACGACATGGTTCTACATCCTACGGGNGGCWGCAG;ACACTGACGACATGGTTCTACAACCCTACGGGNGGCWGCAG;ACACTGACGACATGGTTCTACACTACCTACGGGNGGCWGCAG,805RP1-CS2;805RP2-CS2;805RP3-CS2;805RP4-CS2,TACGGTAGCAGAGACTTGGTCTGACTACHVGGGTATCTAATCC;TACGGTAGCAGAGACTTGGTCTTGACTACHVGGGTATCTAATCC;TACGGTAGCAGAGACTTGGTCTACGACTACHVGGGTATCTAATCC;TACGGTAGCAGAGACTTGGTCTCTAGACTACHVGGGTATCTAATCC,VAL12407429-LIB-D06,VAL12405923-BAR-A07,PAIRED_END,,,,SCI022217,gDNA,Metagenomics,Illumina MiSeq PE250,9.5,qPCR,FLD0241,Fluidigm,ACACTGACGACATGGTTCTACA,TACGGTAGCAGAGACTTGGTCT,,M03555_0380,33,1,1,,,2018-12-03,MI.M03555_0380.001.FLD0241.MocT-F-57,Data is valid,2018-12-05,107759,53879500,510,35,93.041,MI.M03555_0380.001.FLD0241.MocT-F-57,Field and Masterplate Microbiome 16s,MocTF57_VAL12405923-BAR_A07,,FASTQ,
Rat.F.68,Rat.F.68,Rat.F.68,341FP1-CS1;341FP2-CS1;341FP3-CS1;341FP4-CS1,ACACTGACGACATGGTTCTACACCTACGGGNGGCWGCAG;ACACTGACGACATGGTTCTACATCCTACGGGNGGCWGCAG;ACACTGACGACATGGTTCTACAACCCTACGGGNGGCWGCAG;ACACTGACGACATGGTTCTACACTACCTACGGGNGGCWGCAG,805RP1-CS2;805RP2-CS2;805RP3-CS2;805RP4-CS2,TACGGTAGCAGAGACTTGGTCTGACTACHVGGGTATCTAATCC;TACGGTAGCAGAGACTTGGTCTTGACTACHVGGGTATCTAATCC;TACGGTAGCAGAGACTTGGTCTACGACTACHVGGGTATCTAATCC;TACGGTAGCAGAGACTTGGTCTCTAGACTACHVGGGTATCTAATCC,VAL12407429-LIB-D06,VAL12405923-BAR-D08,PAIRED_END,,,,SCI022217,gDNA,Metagenomics,Illumina MiSeq PE250,9.5,qPCR,FLD0252,Fluidigm,ACACTGACGACATGGTTCTACA,TACGGTAGCAGAGACTTGGTCT,,M03555_0380,33,1,1,,,2018-12-03,MI.M03555_0380.001.FLD0252.Rat-F-68,Data is valid,2018-12-05,102015,51007500,510,35,93.435,MI.M03555_0380.001.FLD0252.Rat-F-68,Field and Masterplate Microbiome 16s,RatF68_VAL12405923-BAR_D08,,FASTQ,
WestD.F.93,WestD.F.93,WestD.F.93,341FP1-CS1;341FP2-CS1;341FP3-CS1;341FP4-CS1,ACACTGACGACATGGTTCTACACCTACGGGNGGCWGCAG;ACACTGACGACATGGTTCTACATCCTACGGGNGGCWGCAG;ACACTGACGACATGGTTCTACAACCCTACGGGNGGCWGCAG;ACACTGACGACATGGTTCTACACTACCTACGGGNGGCWGCAG,805RP1-CS2;805RP2-CS2;805RP3-CS2;805RP4-CS2,TACGGTAGCAGAGACTTGGTCTGACTACHVGGGTATCTAATCC;TACGGTAGCAGAGACTTGGTCTTGACTACHVGGGTATCTAATCC;TACGGTAGCAGAGACTTGGTCTACGACTACHVGGGTATCTAATCC;TACGGTAGCAGAGACTTGGTCTCTAGACTACHVGGGTATCTAATCC,VAL12407429-LIB-D06,VAL12405923-BAR-E11,PAIRED_END,,,,SCI022217,gDNA,Metagenomics,Illumina MiSeq PE250,9.5,qPCR,FLD0277,Fluidigm,ACACTGACGACATGGTTCTACA,TACGGTAGCAGAGACTTGGTCT,,M03555_0380,33,1,1,,,2018-12-03,MI.M03555_0380.001.FLD0277.WestD-F-93,Data is valid,2018-12-05,96436,48218000,510,35,92.456,MI.M03555_0380.001.FLD0277.WestD-F-93,Field and Masterplate Microbiome 16s,WestDF93_VAL12405923-BAR_E11,,FASTQ,
UTM.F.90,UTM.F.90,UTM.F.90,341FP1-CS1;341FP2-CS1;341FP3-CS1;341FP4-CS1,ACACTGACGACATGGTTCTACACCTACGGGNGGCWGCAG;ACACTGACGACATGGTTCTACATCCTACGGGNGGCWGCAG;ACACTGACGACATGGTTCTACAACCCTACGGGNGGCWGCAG;ACACTGACGACATGGTTCTACACTACCTACGGGNGGCWGCAG,805RP1-CS2;805RP2-CS2;805RP3-CS2;805RP4-CS2,TACGGTAGCAGAGACTTGGTCTGACTACHVGGGTATCTAATCC;TACGGTAGCAGAGACTTGGTCTTGACTACHVGGGTATCTAATCC;TACGGTAGCAGAGACTTGGTCTACGACTACHVGGGTATCTAATCC;TACGGTAGCAGAGACTTGGTCTCTAGACTACHVGGGTATCTAATCC,VAL12407429-LIB-D06,VAL12405923-BAR-B11,PAIRED_END,,,,SCI022217,gDNA,Metagenomics,Illumina MiSeq PE250,9.5,qPCR,FLD0274,Fluidigm,ACACTGACGACATGGTTCTACA,TACGGTAGCAGAGACTTGGTCT,,M03555_0380,33,1,1,,,2018-12-03,MI.M03555_0380.001.FLD0274.UTM-F-90,Data is valid,2018-12-05,84218,42109000,510,35,94.171,MI.M03555_0380.001.FLD0274.UTM-F-90,Field and Masterplate Microbiome 16s,UTMF90_VAL12405923-BAR_B11,,FASTQ,
Ars.M.101,Ars.M.101,Ars.M.101,341FP1-CS1;341FP2-CS1;341FP3-CS1;341FP4-CS1,ACACTGACGACATGGTTCTACACCTACGGGNGGCWGCAG;ACACTGACGACATGGTTCTACATCCTACGGGNGGCWGCAG;ACACTGACGACATGGTTCTACAACCCTACGGGNGGCWGCAG;ACACTGACGACATGGTTCTACACTACCTACGGGNGGCWGCAG,805RP1-CS2;805RP2-CS2;805RP3-CS2;805RP4-CS2,TACGGTAGCAGAGACTTGGTCTGACTACHVGGGTATCTAATCC;TACGGTAGCAGAGACTTGGTCTTGACTACHVGGGTATCTAATCC;TACGGTAGCAGAGACTTGGTCTACGACTACHVGGGTATCTAATCC;TACGGTAGCAGAGACTTGGTCTCTAGACTACHVGGGTATCTAATCC,VAL12407429-LIB-D06,VAL12405923-BAR-E12,PAIRED_END,,,,SCI022217,gDNA,Metagenomics,Illumina MiSeq PE250,9.5,qPCR,FLD0285,Fluidigm,ACACTGACGACATGGTTCTACA,TACGGTAGCAGAGACTTGGTCT,,M03555_0380,33,1,1,,,2018-12-03,MI.M03555_0380.001.FLD0285.Ars-M-101,Data is valid,2018-12-05,116343,58171500,510,36,95.084,MI.M03555_0380.001.FLD0285.Ars-M-101,Field and Masterplate Microbiome 16s,ArsM101_VAL12405923-BAR_E12,,FASTQ,
Cdv.M.109,Cdv.M.109,Cdv.M.109,341FP1-CS1;341FP2-CS1;341FP3-CS1;341FP4-CS1,ACACTGACGACATGGTTCTACACCTACGGGNGGCWGCAG;ACACTGACGACATGGTTCTACATCCTACGGGNGGCWGCAG;ACACTGACGACATGGTTCTACAACCCTACGGGNGGCWGCAG;ACACTGACGACATGGTTCTACACTACCTACGGGNGGCWGCAG,805RP1-CS2;805RP2-CS2;805RP3-CS2;805RP4-CS2,TACGGTAGCAGAGACTTGGTCTGACTACHVGGGTATCTAATCC;TACGGTAGCAGAGACTTGGTCTTGACTACHVGGGTATCTAATCC;TACGGTAGCAGAGACTTGGTCTACGACTACHVGGGTATCTAATCC;TACGGTAGCAGAGACTTGGTCTCTAGACTACHVGGGTATCTAATCC,VAL12407429-LIB-D06,VAL12405924-BAR-E01,PAIRED_END,,,,SCI022217,gDNA,Metagenomics,Illumina MiSeq PE250,9.5,qPCR,FLD0293,Fluidigm,ACACTGACGACATGGTTCTACA,TACGGTAGCAGAGACTTGGTCT,,M03555_0380,33,1,1,,,2018-12-03,MI.M03555_0380.001.FLD0293.Cdv-M-109,Data is valid,2018-12-05,77925,38962500,510,35,94.674,MI.M03555_0380.001.FLD0293.Cdv-M-109,Field and Masterplate Microbiome 16s,CdvM109_VAL12405924-BAR_E01,,FASTQ,
Cam.M.107,Cam.M.107,Cam.M.107,341FP1-CS1;341FP2-CS1;341FP3-CS1;341FP4-CS1,ACACTGACGACATGGTTCTACACCTACGGGNGGCWGCAG;ACACTGACGACATGGTTCTACATCCTACGGGNGGCWGCAG;ACACTGACGACATGGTTCTACAACCCTACGGGNGGCWGCAG;ACACTGACGACATGGTTCTACACTACCTACGGGNGGCWGCAG,805RP1-CS2;805RP2-CS2;805RP3-CS2;805RP4-CS2,TACGGTAGCAGAGACTTGGTCTGACTACHVGGGTATCTAATCC;TACGGTAGCAGAGACTTGGTCTTGACTACHVGGGTATCTAATCC;TACGGTAGCAGAGACTTGGTCTACGACTACHVGGGTATCTAATCC;TACGGTAGCAGAGACTTGGTCTCTAGACTACHVGGGTATCTAATCC,VAL12407429-LIB-D06,VAL12405924-BAR-C01,PAIRED_END,,,,SCI022217,gDNA,Metagenomics,Illumina MiSeq PE250,9.5,qPCR,FLD0291,Fluidigm,ACACTGACGACATGGTTCTACA,TACGGTAGCAGAGACTTGGTCT,,M03555_0380,33,1,1,,,2018-12-03,MI.M03555_0380.001.FLD0291.Cam-M-107,Data is valid,2018-12-05,87867,43933500,510,35,94.225,MI.M03555_0380.001.FLD0291.Cam-M-107,Field and Masterplate Microbiome 16s,CamM107_VAL12405924-BAR_C01,,FASTQ,
BrBr.M.105,BrBr.M.105,BrBr.M.105,341FP1-CS1;341FP2-CS1;341FP3-CS1;341FP4-CS1,ACACTGACGACATGGTTCTACACCTACGGGNGGCWGCAG;ACACTGACGACATGGTTCTACATCCTACGGGNGGCWGCAG;ACACTGACGACATGGTTCTACAACCCTACGGGNGGCWGCAG;ACACTGACGACATGGTTCTACACTACCTACGGGNGGCWGCAG,805RP1-CS2;805RP2-CS2;805RP3-CS2;805RP4-CS2,TACGGTAGCAGAGACTTGGTCTGACTACHVGGGTATCTAATCC;TACGGTAGCAGAGACTTGGTCTTGACTACHVGGGTATCTAATCC;TACGGTAGCAGAGACTTGGTCTACGACTACHVGGGTATCTAATCC;TACGGTAGCAGAGACTTGGTCTCTAGACTACHVGGGTATCTAATCC,VAL12407429-LIB-D06,VAL12405924-BAR-A01,PAIRED_END,,,,SCI022217,gDNA,Metagenomics,Illumina MiSeq PE250,9.5,qPCR,FLD0289,Fluidigm,ACACTGACGACATGGTTCTACA,TACGGTAGCAGAGACTTGGTCT,,M03555_0380,33,1,1,,,2018-12-03,MI.M03555_0380.001.FLD0289.BrBr-M-105,Data is valid,2018-12-05,90036,45018000,510,35,91.636,MI.M03555_0380.001.FLD0289.BrBr-M-105,Field and Masterplate Microbiome 16s,BrBrM105_VAL12405924-BAR_A01,,FASTQ,
KSR.M.121,KSR.M.121,KSR.M.121,341FP1-CS1;341FP2-CS1;341FP3-CS1;341FP4-CS1,ACACTGACGACATGGTTCTACACCTACGGGNGGCWGCAG;ACACTGACGACATGGTTCTACATCCTACGGGNGGCWGCAG;ACACTGACGACATGGTTCTACAACCCTACGGGNGGCWGCAG;ACACTGACGACATGGTTCTACACTACCTACGGGNGGCWGCAG,805RP1-CS2;805RP2-CS2;805RP3-CS2;805RP4-CS2,TACGGTAGCAGAGACTTGGTCTGACTACHVGGGTATCTAATCC;TACGGTAGCAGAGACTTGGTCTTGACTACHVGGGTATCTAATCC;TACGGTAGCAGAGACTTGGTCTACGACTACHVGGGTATCTAATCC;TACGGTAGCAGAGACTTGGTCTCTAGACTACHVGGGTATCTAATCC,VAL12407429-LIB-D06,VAL12405924-BAR-A03,PAIRED_END,,,,SCI022217,gDNA,Metagenomics,Illumina MiSeq PE250,9.5,qPCR,FLD0305,Fluidigm,ACACTGACGACATGGTTCTACA,TACGGTAGCAGAGACTTGGTCT,,M03555_0380,33,1,1,,,2018-12-03,MI.M03555_0380.001.FLD0305.KSR-M-121,Data is valid,2018-12-05,103451,51725500,510,35,94.232,MI.M03555_0380.001.FLD0305.KSR-M-121,Field and Masterplate Microbiome 16s,KSRM121_VAL12405924-BAR_A03,,FASTQ,
HumBPE.M.119,HumBPE.M.119,HumBPE.M.119,341FP1-CS1;341FP2-CS1;341FP3-CS1;341FP4-CS1,ACACTGACGACATGGTTCTACACCTACGGGNGGCWGCAG;ACACTGACGACATGGTTCTACATCCTACGGGNGGCWGCAG;ACACTGACGACATGGTTCTACAACCCTACGGGNGGCWGCAG;ACACTGACGACATGGTTCTACACTACCTACGGGNGGCWGCAG,805RP1-CS2;805RP2-CS2;805RP3-CS2;805RP4-CS2,TACGGTAGCAGAGACTTGGTCTGACTACHVGGGTATCTAATCC;TACGGTAGCAGAGACTTGGTCTTGACTACHVGGGTATCTAATCC;TACGGTAGCAGAGACTTGGTCTACGACTACHVGGGTATCTAATCC;TACGGTAGCAGAGACTTGGTCTCTAGACTACHVGGGTATCTAATCC,VAL12407429-LIB-D06,VAL12405924-BAR-G02,PAIRED_END,,,,SCI022217,gDNA,Metagenomics,Illumina MiSeq PE250,9.5,qPCR,FLD0303,Fluidigm,ACACTGACGACATGGTTCTACA,TACGGTAGCAGAGACTTGGTCT,,M03555_0380,33,1,1,,,2018-12-03,MI.M03555_0380.001.FLD0303.HumBPE-M-119,Data is valid,2018-12-05,91657,45828500,510,35,94.905,MI.M03555_0380.001.FLD0303.HumBPE-M-119,Field and Masterplate Microbiome 16s,HumBPEM119_VAL12405924-BAR_G02,,FASTQ,
Rat.M.133,Rat.M.133,Rat.M.133,341FP1-CS1;341FP2-CS1;341FP3-CS1;341FP4-CS1,ACACTGACGACATGGTTCTACACCTACGGGNGGCWGCAG;ACACTGACGACATGGTTCTACATCCTACGGGNGGCWGCAG;ACACTGACGACATGGTTCTACAACCCTACGGGNGGCWGCAG;ACACTGACGACATGGTTCTACACTACCTACGGGNGGCWGCAG,805RP1-CS2;805RP2-CS2;805RP3-CS2;805RP4-CS2,TACGGTAGCAGAGACTTGGTCTGACTACHVGGGTATCTAATCC;TACGGTAGCAGAGACTTGGTCTTGACTACHVGGGTATCTAATCC;TACGGTAGCAGAGACTTGGTCTACGACTACHVGGGTATCTAATCC;TACGGTAGCAGAGACTTGGTCTCTAGACTACHVGGGTATCTAATCC,VAL12407429-LIB-D06,VAL12405924-BAR-E04,PAIRED_END,,,,SCI022217,gDNA,Metagenomics,Illumina MiSeq PE250,9.5,qPCR,FLD0317,Fluidigm,ACACTGACGACATGGTTCTACA,TACGGTAGCAGAGACTTGGTCT,,M03555_0380,33,1,1,,,2018-12-03,MI.M03555_0380.001.FLD0317.Rat-M-133,Data is valid,2018-12-05,89549,44774500,510,35,94.326,MI.M03555_0380.001.FLD0317.Rat-M-133,Field and Masterplate Microbiome 16s,RatM133_VAL12405924-BAR_E04,,FASTQ,
MocT.M.129,MocT.M.129,MocT.M.129,341FP1-CS1;341FP2-CS1;341FP3-CS1;341FP4-CS1,ACACTGACGACATGGTTCTACACCTACGGGNGGCWGCAG;ACACTGACGACATGGTTCTACATCCTACGGGNGGCWGCAG;ACACTGACGACATGGTTCTACAACCCTACGGGNGGCWGCAG;ACACTGACGACATGGTTCTACACTACCTACGGGNGGCWGCAG,805RP1-CS2;805RP2-CS2;805RP3-CS2;805RP4-CS2,TACGGTAGCAGAGACTTGGTCTGACTACHVGGGTATCTAATCC;TACGGTAGCAGAGACTTGGTCTTGACTACHVGGGTATCTAATCC;TACGGTAGCAGAGACTTGGTCTACGACTACHVGGGTATCTAATCC;TACGGTAGCAGAGACTTGGTCTCTAGACTACHVGGGTATCTAATCC,VAL12407429-LIB-D06,VAL12405924-BAR-A04,PAIRED_END,,,,SCI022217,gDNA,Metagenomics,Illumina MiSeq PE250,9.5,qPCR,FLD0313,Fluidigm,ACACTGACGACATGGTTCTACA,TACGGTAGCAGAGACTTGGTCT,,M03555_0380,33,1,1,,,2018-12-03,MI.M03555_0380.001.FLD0313.MocT-M-129,Data is valid,2018-12-05,110183,55091500,510,35,91.608,MI.M03555_0380.001.FLD0313.MocT-M-129,Field and Masterplate Microbiome 16s,MocTM129_VAL12405924-BAR_A04,,FASTQ,
WestD.M.148,WestD.M.148,WestD.M.148,341FP1-CS1;341FP2-CS1;341FP3-CS1;341FP4-CS1,ACACTGACGACATGGTTCTACACCTACGGGNGGCWGCAG;ACACTGACGACATGGTTCTACATCCTACGGGNGGCWGCAG;ACACTGACGACATGGTTCTACAACCCTACGGGNGGCWGCAG;ACACTGACGACATGGTTCTACACTACCTACGGGNGGCWGCAG,805RP1-CS2;805RP2-CS2;805RP3-CS2;805RP4-CS2,TACGGTAGCAGAGACTTGGTCTGACTACHVGGGTATCTAATCC;TACGGTAGCAGAGACTTGGTCTTGACTACHVGGGTATCTAATCC;TACGGTAGCAGAGACTTGGTCTACGACTACHVGGGTATCTAATCC;TACGGTAGCAGAGACTTGGTCTCTAGACTACHVGGGTATCTAATCC,VAL12407429-LIB-D06,VAL12405924-BAR-D06,PAIRED_END,,,,SCI022217,gDNA,Metagenomics,Illumina MiSeq PE250,9.5,qPCR,FLD0332,Fluidigm,ACACTGACGACATGGTTCTACA,TACGGTAGCAGAGACTTGGTCT,,M03555_0380,33,1,1,,,2018-12-03,MI.M03555_0380.001.FLD0332.WestD-M-148,Data is valid,2018-12-05,99194,49597000,510,35,90.802,MI.M03555_0380.001.FLD0332.WestD-M-148,Field and Masterplate Microbiome 16s,WestDM148_VAL12405924-BAR_D06,,FASTQ,
UTM.M.145,UTM.M.145,UTM.M.145,341FP1-CS1;341FP2-CS1;341FP3-CS1;341FP4-CS1,ACACTGACGACATGGTTCTACACCTACGGGNGGCWGCAG;ACACTGACGACATGGTTCTACATCCTACGGGNGGCWGCAG;ACACTGACGACATGGTTCTACAACCCTACGGGNGGCWGCAG;ACACTGACGACATGGTTCTACACTACCTACGGGNGGCWGCAG,805RP1-CS2;805RP2-CS2;805RP3-CS2;805RP4-CS2,TACGGTAGCAGAGACTTGGTCTGACTACHVGGGTATCTAATCC;TACGGTAGCAGAGACTTGGTCTTGACTACHVGGGTATCTAATCC;TACGGTAGCAGAGACTTGGTCTACGACTACHVGGGTATCTAATCC;TACGGTAGCAGAGACTTGGTCTCTAGACTACHVGGGTATCTAATCC,VAL12407429-LIB-D06,VAL12405924-BAR-A06,PAIRED_END,,,,SCI022217,gDNA,Metagenomics,Illumina MiSeq PE250,9.5,qPCR,FLD0329,Fluidigm,ACACTGACGACATGGTTCTACA,TACGGTAGCAGAGACTTGGTCT,,M03555_0380,33,1,1,,,2018-12-03,MI.M03555_0380.001.FLD0329.UTM-M-145,Data is valid,2018-12-05,103215,51607500,510,35,95.416,MI.M03555_0380.001.FLD0329.UTM-M-145,Field and Masterplate Microbiome 16s,UTMM145_VAL12405924-BAR_A06,,FASTQ,
